"","ID_coords","lon","lat","date","Prcp"
"1",1,-5.53,36.56,"2019-01-01",0
"2",1,-5.53,36.56,"2019-01-02",0
"3",1,-5.53,36.56,"2019-01-03",0
"4",1,-5.53,36.56,"2019-01-04",0
"5",1,-5.53,36.56,"2019-01-05",0
"6",1,-5.53,36.56,"2019-01-06",0
"7",1,-5.53,36.56,"2019-01-07",0
"8",1,-5.53,36.56,"2019-01-08",0
"9",1,-5.53,36.56,"2019-01-09",0
"10",1,-5.53,36.56,"2019-01-10",0
"11",1,-5.53,36.56,"2019-01-11",0
"12",1,-5.53,36.56,"2019-01-12",0
"13",1,-5.53,36.56,"2019-01-13",0
"14",1,-5.53,36.56,"2019-01-14",0
"15",1,-5.53,36.56,"2019-01-15",0
"16",1,-5.53,36.56,"2019-01-16",0
"17",1,-5.53,36.56,"2019-01-17",0
"18",1,-5.53,36.56,"2019-01-18",4.77
"19",1,-5.53,36.56,"2019-01-19",10.97
"20",1,-5.53,36.56,"2019-01-20",0
"21",1,-5.53,36.56,"2019-01-21",0
"22",1,-5.53,36.56,"2019-01-22",0
"23",1,-5.53,36.56,"2019-01-23",0
"24",1,-5.53,36.56,"2019-01-24",0
"25",1,-5.53,36.56,"2019-01-25",0
"26",1,-5.53,36.56,"2019-01-26",0
"27",1,-5.53,36.56,"2019-01-27",0
"28",1,-5.53,36.56,"2019-01-28",0
"29",1,-5.53,36.56,"2019-01-29",0
"30",1,-5.53,36.56,"2019-01-30",6.17
"31",1,-5.53,36.56,"2019-01-31",14.56
"32",1,-5.53,36.56,"2019-02-01",6.35
"33",1,-5.53,36.56,"2019-02-02",0
"34",1,-5.53,36.56,"2019-02-03",0
"35",1,-5.53,36.56,"2019-02-04",0
"36",1,-5.53,36.56,"2019-02-05",0
"37",1,-5.53,36.56,"2019-02-06",0
"38",1,-5.53,36.56,"2019-02-07",0
"39",1,-5.53,36.56,"2019-02-08",0
"40",1,-5.53,36.56,"2019-02-09",0
"41",1,-5.53,36.56,"2019-02-10",0
"42",1,-5.53,36.56,"2019-02-11",0
"43",1,-5.53,36.56,"2019-02-12",0
"44",1,-5.53,36.56,"2019-02-13",0
"45",1,-5.53,36.56,"2019-02-14",0
"46",1,-5.53,36.56,"2019-02-15",0
"47",1,-5.53,36.56,"2019-02-16",0
"48",1,-5.53,36.56,"2019-02-17",0
"49",1,-5.53,36.56,"2019-02-18",0
"50",1,-5.53,36.56,"2019-02-19",0
"51",1,-5.53,36.56,"2019-02-20",0
"52",1,-5.53,36.56,"2019-02-21",0
"53",1,-5.53,36.56,"2019-02-22",0
"54",1,-5.53,36.56,"2019-02-23",0
"55",1,-5.53,36.56,"2019-02-24",0
"56",1,-5.53,36.56,"2019-02-25",0
"57",1,-5.53,36.56,"2019-02-26",0
"58",1,-5.53,36.56,"2019-02-27",0
"59",1,-5.53,36.56,"2019-02-28",0
"60",1,-5.53,36.56,"2019-03-01",0
"61",1,-5.53,36.56,"2019-03-02",0
"62",1,-5.53,36.56,"2019-03-03",0
"63",1,-5.53,36.56,"2019-03-04",0
"64",1,-5.53,36.56,"2019-03-05",0
"65",1,-5.53,36.56,"2019-03-06",10.63
"66",1,-5.53,36.56,"2019-03-07",0
"67",1,-5.53,36.56,"2019-03-08",0
"68",1,-5.53,36.56,"2019-03-09",0
"69",1,-5.53,36.56,"2019-03-10",0
"70",1,-5.53,36.56,"2019-03-11",0
"71",1,-5.53,36.56,"2019-03-12",0
"72",1,-5.53,36.56,"2019-03-13",0
"73",1,-5.53,36.56,"2019-03-14",0
"74",1,-5.53,36.56,"2019-03-15",0
"75",1,-5.53,36.56,"2019-03-16",0
"76",1,-5.53,36.56,"2019-03-17",0
"77",1,-5.53,36.56,"2019-03-18",0
"78",1,-5.53,36.56,"2019-03-19",0
"79",1,-5.53,36.56,"2019-03-20",0
"80",1,-5.53,36.56,"2019-03-21",0
"81",1,-5.53,36.56,"2019-03-22",0
"82",1,-5.53,36.56,"2019-03-23",0
"83",1,-5.53,36.56,"2019-03-24",0
"84",1,-5.53,36.56,"2019-03-25",0
"85",1,-5.53,36.56,"2019-03-26",0
"86",1,-5.53,36.56,"2019-03-27",0
"87",1,-5.53,36.56,"2019-03-28",0
"88",1,-5.53,36.56,"2019-03-29",0
"89",1,-5.53,36.56,"2019-03-30",0
"90",1,-5.53,36.56,"2019-03-31",0.6
"91",1,-5.53,36.56,"2019-04-01",0
"92",1,-5.53,36.56,"2019-04-02",0
"93",1,-5.53,36.56,"2019-04-03",0
"94",1,-5.53,36.56,"2019-04-04",9.4
"95",1,-5.53,36.56,"2019-04-05",12.52
"96",1,-5.53,36.56,"2019-04-06",4.38
"97",1,-5.53,36.56,"2019-04-07",6.84
"98",1,-5.53,36.56,"2019-04-08",5.64
"99",1,-5.53,36.56,"2019-04-09",0
"100",1,-5.53,36.56,"2019-04-10",0
"101",1,-5.53,36.56,"2019-04-11",0
"102",1,-5.53,36.56,"2019-04-12",0
"103",1,-5.53,36.56,"2019-04-13",0
"104",1,-5.53,36.56,"2019-04-14",0
"105",1,-5.53,36.56,"2019-04-15",0
"106",1,-5.53,36.56,"2019-04-16",0
"107",1,-5.53,36.56,"2019-04-17",4.37
"108",1,-5.53,36.56,"2019-04-18",7.48
"109",1,-5.53,36.56,"2019-04-19",0
"110",1,-5.53,36.56,"2019-04-20",0
"111",1,-5.53,36.56,"2019-04-21",0
"112",1,-5.53,36.56,"2019-04-22",7.42
"113",1,-5.53,36.56,"2019-04-23",6.68
"114",1,-5.53,36.56,"2019-04-24",3.8
"115",1,-5.53,36.56,"2019-04-25",0.92
"116",1,-5.53,36.56,"2019-04-26",0
"117",1,-5.53,36.56,"2019-04-27",0
"118",1,-5.53,36.56,"2019-04-28",0
"119",1,-5.53,36.56,"2019-04-29",0
"120",1,-5.53,36.56,"2019-04-30",0
"121",1,-5.53,36.56,"2019-05-01",0
"122",1,-5.53,36.56,"2019-05-02",0
"123",1,-5.53,36.56,"2019-05-03",0
"124",1,-5.53,36.56,"2019-05-04",0
"125",1,-5.53,36.56,"2019-05-05",0
"126",1,-5.53,36.56,"2019-05-06",0
"127",1,-5.53,36.56,"2019-05-07",0
"128",1,-5.53,36.56,"2019-05-08",0
"129",1,-5.53,36.56,"2019-05-09",0
"130",1,-5.53,36.56,"2019-05-10",0
"131",1,-5.53,36.56,"2019-05-11",0
"132",1,-5.53,36.56,"2019-05-12",0
"133",1,-5.53,36.56,"2019-05-13",0
"134",1,-5.53,36.56,"2019-05-14",0
"135",1,-5.53,36.56,"2019-05-15",0
"136",1,-5.53,36.56,"2019-05-16",0
"137",1,-5.53,36.56,"2019-05-17",0
"138",1,-5.53,36.56,"2019-05-18",0
"139",1,-5.53,36.56,"2019-05-19",0
"140",1,-5.53,36.56,"2019-05-20",0
"141",1,-5.53,36.56,"2019-05-21",0
"142",1,-5.53,36.56,"2019-05-22",0
"143",1,-5.53,36.56,"2019-05-23",0
"144",1,-5.53,36.56,"2019-05-24",0
"145",1,-5.53,36.56,"2019-05-25",0
"146",1,-5.53,36.56,"2019-05-26",0
"147",1,-5.53,36.56,"2019-05-27",0
"148",1,-5.53,36.56,"2019-05-28",0
"149",1,-5.53,36.56,"2019-05-29",0
"150",1,-5.53,36.56,"2019-05-30",0
"151",1,-5.53,36.56,"2019-05-31",0
"152",1,-5.53,36.56,"2019-06-01",0
"153",1,-5.53,36.56,"2019-06-02",0
"154",1,-5.53,36.56,"2019-06-03",0
"155",1,-5.53,36.56,"2019-06-04",0
"156",1,-5.53,36.56,"2019-06-05",0
"157",1,-5.53,36.56,"2019-06-06",0
"158",1,-5.53,36.56,"2019-06-07",0
"159",1,-5.53,36.56,"2019-06-08",0
"160",1,-5.53,36.56,"2019-06-09",0
"161",1,-5.53,36.56,"2019-06-10",0
"162",1,-5.53,36.56,"2019-06-11",0
"163",1,-5.53,36.56,"2019-06-12",0
"164",1,-5.53,36.56,"2019-06-13",0
"165",1,-5.53,36.56,"2019-06-14",0
"166",1,-5.53,36.56,"2019-06-15",0
"167",1,-5.53,36.56,"2019-06-16",0
"168",1,-5.53,36.56,"2019-06-17",0
"169",1,-5.53,36.56,"2019-06-18",0
"170",1,-5.53,36.56,"2019-06-19",0
"171",1,-5.53,36.56,"2019-06-20",0
"172",1,-5.53,36.56,"2019-06-21",0
"173",1,-5.53,36.56,"2019-06-22",0
"174",1,-5.53,36.56,"2019-06-23",0
"175",1,-5.53,36.56,"2019-06-24",0
"176",1,-5.53,36.56,"2019-06-25",0
"177",1,-5.53,36.56,"2019-06-26",0
"178",1,-5.53,36.56,"2019-06-27",0
"179",1,-5.53,36.56,"2019-06-28",0
"180",1,-5.53,36.56,"2019-06-29",0
"181",1,-5.53,36.56,"2019-06-30",0
"182",1,-5.53,36.56,"2019-07-01",0
"183",1,-5.53,36.56,"2019-07-02",0
"184",1,-5.53,36.56,"2019-07-03",0
"185",1,-5.53,36.56,"2019-07-04",0
"186",1,-5.53,36.56,"2019-07-05",0
"187",1,-5.53,36.56,"2019-07-06",0
"188",1,-5.53,36.56,"2019-07-07",0
"189",1,-5.53,36.56,"2019-07-08",0
"190",1,-5.53,36.56,"2019-07-09",0
"191",1,-5.53,36.56,"2019-07-10",0
"192",1,-5.53,36.56,"2019-07-11",0
"193",1,-5.53,36.56,"2019-07-12",0
"194",1,-5.53,36.56,"2019-07-13",0
"195",1,-5.53,36.56,"2019-07-14",0
"196",1,-5.53,36.56,"2019-07-15",0
"197",1,-5.53,36.56,"2019-07-16",0
"198",1,-5.53,36.56,"2019-07-17",0
"199",1,-5.53,36.56,"2019-07-18",0
"200",1,-5.53,36.56,"2019-07-19",0
"201",1,-5.53,36.56,"2019-07-20",0
"202",1,-5.53,36.56,"2019-07-21",0
"203",1,-5.53,36.56,"2019-07-22",0
"204",1,-5.53,36.56,"2019-07-23",0
"205",1,-5.53,36.56,"2019-07-24",0
"206",1,-5.53,36.56,"2019-07-25",0
"207",1,-5.53,36.56,"2019-07-26",0
"208",1,-5.53,36.56,"2019-07-27",0
"209",1,-5.53,36.56,"2019-07-28",0
"210",1,-5.53,36.56,"2019-07-29",0
"211",1,-5.53,36.56,"2019-07-30",0
"212",1,-5.53,36.56,"2019-07-31",0
"213",1,-5.53,36.56,"2019-08-01",0
"214",1,-5.53,36.56,"2019-08-02",0
"215",1,-5.53,36.56,"2019-08-03",0
"216",1,-5.53,36.56,"2019-08-04",0
"217",1,-5.53,36.56,"2019-08-05",0
"218",1,-5.53,36.56,"2019-08-06",0
"219",1,-5.53,36.56,"2019-08-07",0
"220",1,-5.53,36.56,"2019-08-08",0
"221",1,-5.53,36.56,"2019-08-09",0
"222",1,-5.53,36.56,"2019-08-10",0
"223",1,-5.53,36.56,"2019-08-11",0
"224",1,-5.53,36.56,"2019-08-12",0
"225",1,-5.53,36.56,"2019-08-13",0
"226",1,-5.53,36.56,"2019-08-14",0
"227",1,-5.53,36.56,"2019-08-15",0
"228",1,-5.53,36.56,"2019-08-16",0
"229",1,-5.53,36.56,"2019-08-17",0
"230",1,-5.53,36.56,"2019-08-18",0
"231",1,-5.53,36.56,"2019-08-19",0
"232",1,-5.53,36.56,"2019-08-20",0
"233",1,-5.53,36.56,"2019-08-21",0
"234",1,-5.53,36.56,"2019-08-22",0
"235",1,-5.53,36.56,"2019-08-23",0
"236",1,-5.53,36.56,"2019-08-24",0
"237",1,-5.53,36.56,"2019-08-25",0
"238",1,-5.53,36.56,"2019-08-26",0
"239",1,-5.53,36.56,"2019-08-27",0
"240",1,-5.53,36.56,"2019-08-28",0
"241",1,-5.53,36.56,"2019-08-29",0
"242",1,-5.53,36.56,"2019-08-30",0
"243",1,-5.53,36.56,"2019-08-31",0
"244",1,-5.53,36.56,"2019-09-01",0
"245",1,-5.53,36.56,"2019-09-02",0
"246",1,-5.53,36.56,"2019-09-03",0
"247",1,-5.53,36.56,"2019-09-04",0
"248",1,-5.53,36.56,"2019-09-05",0
"249",1,-5.53,36.56,"2019-09-06",0
"250",1,-5.53,36.56,"2019-09-07",0
"251",1,-5.53,36.56,"2019-09-08",4.89
"252",1,-5.53,36.56,"2019-09-09",0
"253",1,-5.53,36.56,"2019-09-10",0
"254",1,-5.53,36.56,"2019-09-11",0
"255",1,-5.53,36.56,"2019-09-12",0
"256",1,-5.53,36.56,"2019-09-13",10.38
"257",1,-5.53,36.56,"2019-09-14",1.99
"258",1,-5.53,36.56,"2019-09-15",0
"259",1,-5.53,36.56,"2019-09-16",0
"260",1,-5.53,36.56,"2019-09-17",0
"261",1,-5.53,36.56,"2019-09-18",0
"262",1,-5.53,36.56,"2019-09-19",0
"263",1,-5.53,36.56,"2019-09-20",0
"264",1,-5.53,36.56,"2019-09-21",0
"265",1,-5.53,36.56,"2019-09-22",0
"266",1,-5.53,36.56,"2019-09-23",0
"267",1,-5.53,36.56,"2019-09-24",0
"268",1,-5.53,36.56,"2019-09-25",0
"269",1,-5.53,36.56,"2019-09-26",0
"270",1,-5.53,36.56,"2019-09-27",0
"271",1,-5.53,36.56,"2019-09-28",0
"272",1,-5.53,36.56,"2019-09-29",0
"273",1,-5.53,36.56,"2019-09-30",0
"274",1,-5.53,36.56,"2019-10-01",0
"275",1,-5.53,36.56,"2019-10-02",0
"276",1,-5.53,36.56,"2019-10-03",0
"277",1,-5.53,36.56,"2019-10-04",0
"278",1,-5.53,36.56,"2019-10-05",0
"279",1,-5.53,36.56,"2019-10-06",0
"280",1,-5.53,36.56,"2019-10-07",0
"281",1,-5.53,36.56,"2019-10-08",0
"282",1,-5.53,36.56,"2019-10-09",0
"283",1,-5.53,36.56,"2019-10-10",0
"284",1,-5.53,36.56,"2019-10-11",0
"285",1,-5.53,36.56,"2019-10-12",0
"286",1,-5.53,36.56,"2019-10-13",0.28
"287",1,-5.53,36.56,"2019-10-14",2.96
"288",1,-5.53,36.56,"2019-10-15",0
"289",1,-5.53,36.56,"2019-10-16",0
"290",1,-5.53,36.56,"2019-10-17",0
"291",1,-5.53,36.56,"2019-10-18",0
"292",1,-5.53,36.56,"2019-10-19",9.84
"293",1,-5.53,36.56,"2019-10-20",0
"294",1,-5.53,36.56,"2019-10-21",0
"295",1,-5.53,36.56,"2019-10-22",0
"296",1,-5.53,36.56,"2019-10-23",8
"297",1,-5.53,36.56,"2019-10-24",0
"298",1,-5.53,36.56,"2019-10-25",0
"299",1,-5.53,36.56,"2019-10-26",0
"300",1,-5.53,36.56,"2019-10-27",0
"301",1,-5.53,36.56,"2019-10-28",0
"302",1,-5.53,36.56,"2019-10-29",0
"303",1,-5.53,36.56,"2019-10-30",0
"304",1,-5.53,36.56,"2019-10-31",0
"305",1,-5.53,36.56,"2019-11-01",6.06
"306",1,-5.53,36.56,"2019-11-02",5.52
"307",1,-5.53,36.56,"2019-11-03",0
"308",1,-5.53,36.56,"2019-11-04",3.47
"309",1,-5.53,36.56,"2019-11-05",0
"310",1,-5.53,36.56,"2019-11-06",0
"311",1,-5.53,36.56,"2019-11-07",4.04
"312",1,-5.53,36.56,"2019-11-08",0
"313",1,-5.53,36.56,"2019-11-09",0
"314",1,-5.53,36.56,"2019-11-10",0
"315",1,-5.53,36.56,"2019-11-11",0
"316",1,-5.53,36.56,"2019-11-12",0
"317",1,-5.53,36.56,"2019-11-13",0
"318",1,-5.53,36.56,"2019-11-14",2.9
"319",1,-5.53,36.56,"2019-11-15",0
"320",1,-5.53,36.56,"2019-11-16",0
"321",1,-5.53,36.56,"2019-11-17",9.49
"322",1,-5.53,36.56,"2019-11-18",0
"323",1,-5.53,36.56,"2019-11-19",0
"324",1,-5.53,36.56,"2019-11-20",10.49
"325",1,-5.53,36.56,"2019-11-21",17.84
"326",1,-5.53,36.56,"2019-11-22",21.45
"327",1,-5.53,36.56,"2019-11-23",0
"328",1,-5.53,36.56,"2019-11-24",0
"329",1,-5.53,36.56,"2019-11-25",0
"330",1,-5.53,36.56,"2019-11-26",4.39
"331",1,-5.53,36.56,"2019-11-27",0
"332",1,-5.53,36.56,"2019-11-28",0
"333",1,-5.53,36.56,"2019-11-29",0
"334",1,-5.53,36.56,"2019-11-30",1.24
"335",1,-5.53,36.56,"2019-12-01",4.24
"336",1,-5.53,36.56,"2019-12-02",7.22
"337",1,-5.53,36.56,"2019-12-03",0
"338",1,-5.53,36.56,"2019-12-04",0
"339",1,-5.53,36.56,"2019-12-05",0
"340",1,-5.53,36.56,"2019-12-06",0
"341",1,-5.53,36.56,"2019-12-07",0
"342",1,-5.53,36.56,"2019-12-08",0
"343",1,-5.53,36.56,"2019-12-09",0
"344",1,-5.53,36.56,"2019-12-10",0
"345",1,-5.53,36.56,"2019-12-11",0
"346",1,-5.53,36.56,"2019-12-12",0
"347",1,-5.53,36.56,"2019-12-13",0
"348",1,-5.53,36.56,"2019-12-14",0
"349",1,-5.53,36.56,"2019-12-15",0
"350",1,-5.53,36.56,"2019-12-16",5.81
"351",1,-5.53,36.56,"2019-12-17",0
"352",1,-5.53,36.56,"2019-12-18",0
"353",1,-5.53,36.56,"2019-12-19",17.86
"354",1,-5.53,36.56,"2019-12-20",14.58
"355",1,-5.53,36.56,"2019-12-21",4.13
"356",1,-5.53,36.56,"2019-12-22",0
"357",1,-5.53,36.56,"2019-12-23",0
"358",1,-5.53,36.56,"2019-12-24",0
"359",1,-5.53,36.56,"2019-12-25",0
"360",1,-5.53,36.56,"2019-12-26",0
"361",1,-5.53,36.56,"2019-12-27",0
"362",1,-5.53,36.56,"2019-12-28",0
"363",1,-5.53,36.56,"2019-12-29",0
"364",1,-5.53,36.56,"2019-12-30",0
"365",1,-5.53,36.56,"2019-12-31",0
"366",1,-5.53,36.56,"2020-01-01",0
"367",1,-5.53,36.56,"2020-01-02",0
"368",1,-5.53,36.56,"2020-01-03",0
"369",1,-5.53,36.56,"2020-01-04",0
"370",1,-5.53,36.56,"2020-01-05",0
"371",1,-5.53,36.56,"2020-01-06",0
"372",1,-5.53,36.56,"2020-01-07",0
"373",1,-5.53,36.56,"2020-01-08",0
"374",1,-5.53,36.56,"2020-01-09",0
"375",1,-5.53,36.56,"2020-01-10",0
"376",1,-5.53,36.56,"2020-01-11",0
"377",1,-5.53,36.56,"2020-01-12",0
"378",1,-5.53,36.56,"2020-01-13",0
"379",1,-5.53,36.56,"2020-01-14",0
"380",1,-5.53,36.56,"2020-01-15",0
"381",1,-5.53,36.56,"2020-01-16",0
"382",1,-5.53,36.56,"2020-01-17",0
"383",1,-5.53,36.56,"2020-01-18",5.38
"384",1,-5.53,36.56,"2020-01-19",0
"385",1,-5.53,36.56,"2020-01-20",0
"386",1,-5.53,36.56,"2020-01-21",5.87
"387",1,-5.53,36.56,"2020-01-22",11.08
"388",1,-5.53,36.56,"2020-01-23",12.18
"389",1,-5.53,36.56,"2020-01-24",23.78
"390",1,-5.53,36.56,"2020-01-25",11.1
"391",1,-5.53,36.56,"2020-01-26",0
"392",1,-5.53,36.56,"2020-01-27",0
"393",1,-5.53,36.56,"2020-01-28",0
"394",1,-5.53,36.56,"2020-01-29",0
"395",1,-5.53,36.56,"2020-01-30",0
"396",1,-5.53,36.56,"2020-01-31",0
"397",1,-5.53,36.56,"2020-02-01",0
"398",1,-5.53,36.56,"2020-02-02",0
"399",1,-5.53,36.56,"2020-02-03",0
"400",1,-5.53,36.56,"2020-02-04",0
"401",1,-5.53,36.56,"2020-02-05",0
"402",1,-5.53,36.56,"2020-02-06",0
"403",1,-5.53,36.56,"2020-02-07",2.14
"404",1,-5.53,36.56,"2020-02-08",0
"405",1,-5.53,36.56,"2020-02-09",0
"406",1,-5.53,36.56,"2020-02-10",0
"407",1,-5.53,36.56,"2020-02-11",0
"408",1,-5.53,36.56,"2020-02-12",0
"409",1,-5.53,36.56,"2020-02-13",0
"410",1,-5.53,36.56,"2020-02-14",0
"411",1,-5.53,36.56,"2020-02-15",0
"412",1,-5.53,36.56,"2020-02-16",0
"413",1,-5.53,36.56,"2020-02-17",0
"414",1,-5.53,36.56,"2020-02-18",0
"415",1,-5.53,36.56,"2020-02-19",0
"416",1,-5.53,36.56,"2020-02-20",0
"417",1,-5.53,36.56,"2020-02-21",0
"418",1,-5.53,36.56,"2020-02-22",0
"419",1,-5.53,36.56,"2020-02-23",0
"420",1,-5.53,36.56,"2020-02-24",0
"421",1,-5.53,36.56,"2020-02-25",0
"422",1,-5.53,36.56,"2020-02-26",0
"423",1,-5.53,36.56,"2020-02-27",0
"424",1,-5.53,36.56,"2020-02-28",0
"425",1,-5.53,36.56,"2020-02-29",2.79
"426",1,-5.53,36.56,"2020-03-01",0
"427",1,-5.53,36.56,"2020-03-02",0
"428",1,-5.53,36.56,"2020-03-03",0
"429",1,-5.53,36.56,"2020-03-04",0
"430",1,-5.53,36.56,"2020-03-05",0
"431",1,-5.53,36.56,"2020-03-06",0
"432",1,-5.53,36.56,"2020-03-07",0
"433",1,-5.53,36.56,"2020-03-08",0
"434",1,-5.53,36.56,"2020-03-09",0
"435",1,-5.53,36.56,"2020-03-10",0
"436",1,-5.53,36.56,"2020-03-11",0
"437",1,-5.53,36.56,"2020-03-12",0
"438",1,-5.53,36.56,"2020-03-13",0
"439",1,-5.53,36.56,"2020-03-14",0
"440",1,-5.53,36.56,"2020-03-15",0
"441",1,-5.53,36.56,"2020-03-16",3.75
"442",1,-5.53,36.56,"2020-03-17",14.27
"443",1,-5.53,36.56,"2020-03-18",0
"444",1,-5.53,36.56,"2020-03-19",0
"445",1,-5.53,36.56,"2020-03-20",14.14
"446",1,-5.53,36.56,"2020-03-21",14.83
"447",1,-5.53,36.56,"2020-03-22",2.44
"448",1,-5.53,36.56,"2020-03-23",15.3
"449",1,-5.53,36.56,"2020-03-24",7.33
"450",1,-5.53,36.56,"2020-03-25",0
"451",1,-5.53,36.56,"2020-03-26",0
"452",1,-5.53,36.56,"2020-03-27",0
"453",1,-5.53,36.56,"2020-03-28",0
"454",1,-5.53,36.56,"2020-03-29",0
"455",1,-5.53,36.56,"2020-03-30",26.41
"456",1,-5.53,36.56,"2020-03-31",7.47
"457",1,-5.53,36.56,"2020-04-01",10.36
"458",1,-5.53,36.56,"2020-04-02",3.26
"459",1,-5.53,36.56,"2020-04-03",0
"460",1,-5.53,36.56,"2020-04-04",0
"461",1,-5.53,36.56,"2020-04-05",0
"462",1,-5.53,36.56,"2020-04-06",0
"463",1,-5.53,36.56,"2020-04-07",0
"464",1,-5.53,36.56,"2020-04-08",0
"465",1,-5.53,36.56,"2020-04-09",0
"466",1,-5.53,36.56,"2020-04-10",0
"467",1,-5.53,36.56,"2020-04-11",0
"468",1,-5.53,36.56,"2020-04-12",0
"469",1,-5.53,36.56,"2020-04-13",0
"470",1,-5.53,36.56,"2020-04-14",9.07
"471",1,-5.53,36.56,"2020-04-15",3.58
"472",1,-5.53,36.56,"2020-04-16",0
"473",1,-5.53,36.56,"2020-04-17",0
"474",1,-5.53,36.56,"2020-04-18",0
"475",1,-5.53,36.56,"2020-04-19",0
"476",1,-5.53,36.56,"2020-04-20",15.49
"477",1,-5.53,36.56,"2020-04-21",6.24
"478",1,-5.53,36.56,"2020-04-22",0
"479",1,-5.53,36.56,"2020-04-23",0
"480",1,-5.53,36.56,"2020-04-24",10.48
"481",1,-5.53,36.56,"2020-04-25",0
"482",1,-5.53,36.56,"2020-04-26",0
"483",1,-5.53,36.56,"2020-04-27",0
"484",1,-5.53,36.56,"2020-04-28",0
"485",1,-5.53,36.56,"2020-04-29",0
"486",1,-5.53,36.56,"2020-04-30",0
"487",1,-5.53,36.56,"2020-05-01",0
"488",1,-5.53,36.56,"2020-05-02",0
"489",1,-5.53,36.56,"2020-05-03",0
"490",1,-5.53,36.56,"2020-05-04",0
"491",1,-5.53,36.56,"2020-05-05",0
"492",1,-5.53,36.56,"2020-05-06",0
"493",1,-5.53,36.56,"2020-05-07",0
"494",1,-5.53,36.56,"2020-05-08",0
"495",1,-5.53,36.56,"2020-05-09",2.92
"496",1,-5.53,36.56,"2020-05-10",3.51
"497",1,-5.53,36.56,"2020-05-11",10.07
"498",1,-5.53,36.56,"2020-05-12",8.75
"499",1,-5.53,36.56,"2020-05-13",12.69
"500",1,-5.53,36.56,"2020-05-14",12.07
"501",1,-5.53,36.56,"2020-05-15",0.54
"502",1,-5.53,36.56,"2020-05-16",0
"503",1,-5.53,36.56,"2020-05-17",0
"504",1,-5.53,36.56,"2020-05-18",0
"505",1,-5.53,36.56,"2020-05-19",0
"506",1,-5.53,36.56,"2020-05-20",0
"507",1,-5.53,36.56,"2020-05-21",0
"508",1,-5.53,36.56,"2020-05-22",0
"509",1,-5.53,36.56,"2020-05-23",0
"510",1,-5.53,36.56,"2020-05-24",0
"511",1,-5.53,36.56,"2020-05-25",0
"512",1,-5.53,36.56,"2020-05-26",0
"513",1,-5.53,36.56,"2020-05-27",0
"514",1,-5.53,36.56,"2020-05-28",0
"515",1,-5.53,36.56,"2020-05-29",0
"516",1,-5.53,36.56,"2020-05-30",0
"517",1,-5.53,36.56,"2020-05-31",6.59
"518",1,-5.53,36.56,"2020-06-01",0
"519",1,-5.53,36.56,"2020-06-02",0
"520",1,-5.53,36.56,"2020-06-03",0
"521",1,-5.53,36.56,"2020-06-04",5.46
"522",1,-5.53,36.56,"2020-06-05",0
"523",1,-5.53,36.56,"2020-06-06",0
"524",1,-5.53,36.56,"2020-06-07",0
"525",1,-5.53,36.56,"2020-06-08",0
"526",1,-5.53,36.56,"2020-06-09",0
"527",1,-5.53,36.56,"2020-06-10",0
"528",1,-5.53,36.56,"2020-06-11",2.39
"529",1,-5.53,36.56,"2020-06-12",0
"530",1,-5.53,36.56,"2020-06-13",0
"531",1,-5.53,36.56,"2020-06-14",0
"532",1,-5.53,36.56,"2020-06-15",0
"533",1,-5.53,36.56,"2020-06-16",0
"534",1,-5.53,36.56,"2020-06-17",0
"535",1,-5.53,36.56,"2020-06-18",0
"536",1,-5.53,36.56,"2020-06-19",0
"537",1,-5.53,36.56,"2020-06-20",0
"538",1,-5.53,36.56,"2020-06-21",0
"539",1,-5.53,36.56,"2020-06-22",0
"540",1,-5.53,36.56,"2020-06-23",0
"541",1,-5.53,36.56,"2020-06-24",0
"542",1,-5.53,36.56,"2020-06-25",0
"543",1,-5.53,36.56,"2020-06-26",0
"544",1,-5.53,36.56,"2020-06-27",0
"545",1,-5.53,36.56,"2020-06-28",0
"546",1,-5.53,36.56,"2020-06-29",0
"547",1,-5.53,36.56,"2020-06-30",0
"548",1,-5.53,36.56,"2020-07-01",0
"549",1,-5.53,36.56,"2020-07-02",0
"550",1,-5.53,36.56,"2020-07-03",0
"551",1,-5.53,36.56,"2020-07-04",0
"552",1,-5.53,36.56,"2020-07-05",0
"553",1,-5.53,36.56,"2020-07-06",0
"554",1,-5.53,36.56,"2020-07-07",0
"555",1,-5.53,36.56,"2020-07-08",0
"556",1,-5.53,36.56,"2020-07-09",0
"557",1,-5.53,36.56,"2020-07-10",0
"558",1,-5.53,36.56,"2020-07-11",0
"559",1,-5.53,36.56,"2020-07-12",0
"560",1,-5.53,36.56,"2020-07-13",0
"561",1,-5.53,36.56,"2020-07-14",0
"562",1,-5.53,36.56,"2020-07-15",0
"563",1,-5.53,36.56,"2020-07-16",0
"564",1,-5.53,36.56,"2020-07-17",0
"565",1,-5.53,36.56,"2020-07-18",0
"566",1,-5.53,36.56,"2020-07-19",0
"567",1,-5.53,36.56,"2020-07-20",0
"568",1,-5.53,36.56,"2020-07-21",0
"569",1,-5.53,36.56,"2020-07-22",0
"570",1,-5.53,36.56,"2020-07-23",0
"571",1,-5.53,36.56,"2020-07-24",0
"572",1,-5.53,36.56,"2020-07-25",0
"573",1,-5.53,36.56,"2020-07-26",0
"574",1,-5.53,36.56,"2020-07-27",0
"575",1,-5.53,36.56,"2020-07-28",0
"576",1,-5.53,36.56,"2020-07-29",0
"577",1,-5.53,36.56,"2020-07-30",0
"578",1,-5.53,36.56,"2020-07-31",0
"579",1,-5.53,36.56,"2020-08-01",0
"580",1,-5.53,36.56,"2020-08-02",0
"581",1,-5.53,36.56,"2020-08-03",0
"582",1,-5.53,36.56,"2020-08-04",0
"583",1,-5.53,36.56,"2020-08-05",0
"584",1,-5.53,36.56,"2020-08-06",0
"585",1,-5.53,36.56,"2020-08-07",0
"586",1,-5.53,36.56,"2020-08-08",0
"587",1,-5.53,36.56,"2020-08-09",0
"588",1,-5.53,36.56,"2020-08-10",0
"589",1,-5.53,36.56,"2020-08-11",0
"590",1,-5.53,36.56,"2020-08-12",0
"591",1,-5.53,36.56,"2020-08-13",0
"592",1,-5.53,36.56,"2020-08-14",0
"593",1,-5.53,36.56,"2020-08-15",0
"594",1,-5.53,36.56,"2020-08-16",0
"595",1,-5.53,36.56,"2020-08-17",0
"596",1,-5.53,36.56,"2020-08-18",0
"597",1,-5.53,36.56,"2020-08-19",0
"598",1,-5.53,36.56,"2020-08-20",0
"599",1,-5.53,36.56,"2020-08-21",0
"600",1,-5.53,36.56,"2020-08-22",0
"601",1,-5.53,36.56,"2020-08-23",0
"602",1,-5.53,36.56,"2020-08-24",0
"603",1,-5.53,36.56,"2020-08-25",0
"604",1,-5.53,36.56,"2020-08-26",0
"605",1,-5.53,36.56,"2020-08-27",0
"606",1,-5.53,36.56,"2020-08-28",0
"607",1,-5.53,36.56,"2020-08-29",0
"608",1,-5.53,36.56,"2020-08-30",0
"609",1,-5.53,36.56,"2020-08-31",0
"610",1,-5.53,36.56,"2020-09-01",0
"611",1,-5.53,36.56,"2020-09-02",0
"612",1,-5.53,36.56,"2020-09-03",0
"613",1,-5.53,36.56,"2020-09-04",0
"614",1,-5.53,36.56,"2020-09-05",0
"615",1,-5.53,36.56,"2020-09-06",0
"616",1,-5.53,36.56,"2020-09-07",0
"617",1,-5.53,36.56,"2020-09-08",0
"618",1,-5.53,36.56,"2020-09-09",0
"619",1,-5.53,36.56,"2020-09-10",0
"620",1,-5.53,36.56,"2020-09-11",0
"621",1,-5.53,36.56,"2020-09-12",0
"622",1,-5.53,36.56,"2020-09-13",0
"623",1,-5.53,36.56,"2020-09-14",0
"624",1,-5.53,36.56,"2020-09-15",0
"625",1,-5.53,36.56,"2020-09-16",0
"626",1,-5.53,36.56,"2020-09-17",0
"627",1,-5.53,36.56,"2020-09-18",4.25
"628",1,-5.53,36.56,"2020-09-19",1.78
"629",1,-5.53,36.56,"2020-09-20",0
"630",1,-5.53,36.56,"2020-09-21",0
"631",1,-5.53,36.56,"2020-09-22",0
"632",1,-5.53,36.56,"2020-09-23",0
"633",1,-5.53,36.56,"2020-09-24",0
"634",1,-5.53,36.56,"2020-09-25",0
"635",1,-5.53,36.56,"2020-09-26",0
"636",1,-5.53,36.56,"2020-09-27",0
"637",1,-5.53,36.56,"2020-09-28",0
"638",1,-5.53,36.56,"2020-09-29",0
"639",1,-5.53,36.56,"2020-09-30",0
"640",1,-5.53,36.56,"2020-10-01",0
"641",1,-5.53,36.56,"2020-10-02",3.53
"642",1,-5.53,36.56,"2020-10-03",0
"643",1,-5.53,36.56,"2020-10-04",0
"644",1,-5.53,36.56,"2020-10-05",0
"645",1,-5.53,36.56,"2020-10-06",0
"646",1,-5.53,36.56,"2020-10-07",0
"647",1,-5.53,36.56,"2020-10-08",0
"648",1,-5.53,36.56,"2020-10-09",0
"649",1,-5.53,36.56,"2020-10-10",0
"650",1,-5.53,36.56,"2020-10-11",0
"651",1,-5.53,36.56,"2020-10-12",0
"652",1,-5.53,36.56,"2020-10-13",0
"653",1,-5.53,36.56,"2020-10-14",0
"654",1,-5.53,36.56,"2020-10-15",0
"655",1,-5.53,36.56,"2020-10-16",0
"656",1,-5.53,36.56,"2020-10-17",0
"657",1,-5.53,36.56,"2020-10-18",0
"658",1,-5.53,36.56,"2020-10-19",0
"659",1,-5.53,36.56,"2020-10-20",10.54
"660",1,-5.53,36.56,"2020-10-21",10.35
"661",1,-5.53,36.56,"2020-10-22",11.58
"662",1,-5.53,36.56,"2020-10-23",0
"663",1,-5.53,36.56,"2020-10-24",0
"664",1,-5.53,36.56,"2020-10-25",4.63
"665",1,-5.53,36.56,"2020-10-26",0
"666",1,-5.53,36.56,"2020-10-27",0
"667",1,-5.53,36.56,"2020-10-28",0
"668",1,-5.53,36.56,"2020-10-29",0
"669",1,-5.53,36.56,"2020-10-30",0
"670",1,-5.53,36.56,"2020-10-31",0
"671",1,-5.53,36.56,"2020-11-01",0
"672",1,-5.53,36.56,"2020-11-02",0
"673",1,-5.53,36.56,"2020-11-03",0
"674",1,-5.53,36.56,"2020-11-04",8.38
"675",1,-5.53,36.56,"2020-11-05",0
"676",1,-5.53,36.56,"2020-11-06",7.66
"677",1,-5.53,36.56,"2020-11-07",0
"678",1,-5.53,36.56,"2020-11-08",0
"679",1,-5.53,36.56,"2020-11-09",0
"680",1,-5.53,36.56,"2020-11-10",0
"681",1,-5.53,36.56,"2020-11-11",0
"682",1,-5.53,36.56,"2020-11-12",0
"683",1,-5.53,36.56,"2020-11-13",0
"684",1,-5.53,36.56,"2020-11-14",2.2
"685",1,-5.53,36.56,"2020-11-15",0
"686",1,-5.53,36.56,"2020-11-16",0
"687",1,-5.53,36.56,"2020-11-17",0
"688",1,-5.53,36.56,"2020-11-18",0
"689",1,-5.53,36.56,"2020-11-19",0
"690",1,-5.53,36.56,"2020-11-20",0
"691",1,-5.53,36.56,"2020-11-21",0
"692",1,-5.53,36.56,"2020-11-22",0
"693",1,-5.53,36.56,"2020-11-23",0
"694",1,-5.53,36.56,"2020-11-24",0
"695",1,-5.53,36.56,"2020-11-25",27.11
"696",1,-5.53,36.56,"2020-11-26",16.07
"697",1,-5.53,36.56,"2020-11-27",0
"698",1,-5.53,36.56,"2020-11-28",17.06
"699",1,-5.53,36.56,"2020-11-29",4.22
"700",1,-5.53,36.56,"2020-11-30",0
"701",1,-5.53,36.56,"2020-12-01",0
"702",1,-5.53,36.56,"2020-12-02",0
"703",1,-5.53,36.56,"2020-12-03",0
"704",1,-5.53,36.56,"2020-12-04",7.61
"705",1,-5.53,36.56,"2020-12-05",0
"706",1,-5.53,36.56,"2020-12-06",2.15
"707",1,-5.53,36.56,"2020-12-07",3.96
"708",1,-5.53,36.56,"2020-12-08",5.21
"709",1,-5.53,36.56,"2020-12-09",1.31
"710",1,-5.53,36.56,"2020-12-10",5.03
"711",1,-5.53,36.56,"2020-12-11",0
"712",1,-5.53,36.56,"2020-12-12",0
"713",1,-5.53,36.56,"2020-12-13",0
"714",1,-5.53,36.56,"2020-12-14",4.84
"715",1,-5.53,36.56,"2020-12-15",0
"716",1,-5.53,36.56,"2020-12-16",11.87
"717",1,-5.53,36.56,"2020-12-17",0
"718",1,-5.53,36.56,"2020-12-18",0
"719",1,-5.53,36.56,"2020-12-19",2.8
"720",1,-5.53,36.56,"2020-12-20",0
"721",1,-5.53,36.56,"2020-12-21",0
"722",1,-5.53,36.56,"2020-12-22",0
"723",1,-5.53,36.56,"2020-12-23",0
"724",1,-5.53,36.56,"2020-12-24",0
"725",1,-5.53,36.56,"2020-12-25",0
"726",1,-5.53,36.56,"2020-12-26",0
"727",1,-5.53,36.56,"2020-12-27",0
"728",1,-5.53,36.56,"2020-12-28",2.75
"729",1,-5.53,36.56,"2020-12-29",0
"730",1,-5.53,36.56,"2020-12-30",0
"731",1,-5.53,36.56,"2020-12-31",4.22
"732",1,-5.53,36.56,"2021-01-01",1.68
"733",1,-5.53,36.56,"2021-01-02",0
"734",1,-5.53,36.56,"2021-01-03",0
"735",1,-5.53,36.56,"2021-01-04",0
"736",1,-5.53,36.56,"2021-01-05",0
"737",1,-5.53,36.56,"2021-01-06",18.09
"738",1,-5.53,36.56,"2021-01-07",32.06
"739",1,-5.53,36.56,"2021-01-08",28.56
"740",1,-5.53,36.56,"2021-01-09",6.89
"741",1,-5.53,36.56,"2021-01-10",7.39
"742",1,-5.53,36.56,"2021-01-11",0
"743",1,-5.53,36.56,"2021-01-12",0
"744",1,-5.53,36.56,"2021-01-13",0
"745",1,-5.53,36.56,"2021-01-14",0
"746",1,-5.53,36.56,"2021-01-15",0
"747",1,-5.53,36.56,"2021-01-16",0
"748",1,-5.53,36.56,"2021-01-17",0
"749",1,-5.53,36.56,"2021-01-18",0
"750",1,-5.53,36.56,"2021-01-19",0
"751",1,-5.53,36.56,"2021-01-20",21.44
"752",1,-5.53,36.56,"2021-01-21",6.4
"753",1,-5.53,36.56,"2021-01-22",0.69
"754",1,-5.53,36.56,"2021-01-23",3.47
"755",1,-5.53,36.56,"2021-01-24",4.79
"756",1,-5.53,36.56,"2021-01-25",4.81
"757",1,-5.53,36.56,"2021-01-26",0.26
"758",1,-5.53,36.56,"2021-01-27",0
"759",1,-5.53,36.56,"2021-01-28",0
"760",1,-5.53,36.56,"2021-01-29",0
"761",1,-5.53,36.56,"2021-01-30",1.05
"762",1,-5.53,36.56,"2021-01-31",0.46
"763",1,-5.53,36.56,"2021-02-01",0
"764",1,-5.53,36.56,"2021-02-02",0
"765",1,-5.53,36.56,"2021-02-03",0
"766",1,-5.53,36.56,"2021-02-04",0
"767",1,-5.53,36.56,"2021-02-05",6.09
"768",1,-5.53,36.56,"2021-02-06",6.46
"769",1,-5.53,36.56,"2021-02-07",9.1
"770",1,-5.53,36.56,"2021-02-08",7.54
"771",1,-5.53,36.56,"2021-02-09",6.13
"772",1,-5.53,36.56,"2021-02-10",1.07
"773",1,-5.53,36.56,"2021-02-11",0
"774",1,-5.53,36.56,"2021-02-12",0
"775",1,-5.53,36.56,"2021-02-13",0
"776",1,-5.53,36.56,"2021-02-14",0
"777",1,-5.53,36.56,"2021-02-15",0
"778",1,-5.53,36.56,"2021-02-16",0
"779",1,-5.53,36.56,"2021-02-17",0
"780",1,-5.53,36.56,"2021-02-18",0
"781",1,-5.53,36.56,"2021-02-19",0
"782",1,-5.53,36.56,"2021-02-20",0
"783",1,-5.53,36.56,"2021-02-21",10.82
"784",1,-5.53,36.56,"2021-02-22",0
"785",1,-5.53,36.56,"2021-02-23",0
"786",1,-5.53,36.56,"2021-02-24",0
"787",1,-5.53,36.56,"2021-02-25",3.21
"788",1,-5.53,36.56,"2021-02-26",0
"789",1,-5.53,36.56,"2021-02-27",0
"790",1,-5.53,36.56,"2021-02-28",7.37
"791",1,-5.53,36.56,"2021-03-01",0
"792",1,-5.53,36.56,"2021-03-02",0
"793",1,-5.53,36.56,"2021-03-03",0
"794",1,-5.53,36.56,"2021-03-04",0
"795",1,-5.53,36.56,"2021-03-05",19.01
"796",1,-5.53,36.56,"2021-03-06",18.62
"797",1,-5.53,36.56,"2021-03-07",4.12
"798",1,-5.53,36.56,"2021-03-08",0
"799",1,-5.53,36.56,"2021-03-09",0
"800",1,-5.53,36.56,"2021-03-10",0
"801",1,-5.53,36.56,"2021-03-11",0
"802",1,-5.53,36.56,"2021-03-12",0
"803",1,-5.53,36.56,"2021-03-13",0
"804",1,-5.53,36.56,"2021-03-14",0
"805",1,-5.53,36.56,"2021-03-15",0
"806",1,-5.53,36.56,"2021-03-16",0
"807",1,-5.53,36.56,"2021-03-17",0
"808",1,-5.53,36.56,"2021-03-18",0
"809",1,-5.53,36.56,"2021-03-19",0
"810",1,-5.53,36.56,"2021-03-20",0
"811",1,-5.53,36.56,"2021-03-21",0
"812",1,-5.53,36.56,"2021-03-22",0
"813",1,-5.53,36.56,"2021-03-23",0
"814",1,-5.53,36.56,"2021-03-24",0
"815",1,-5.53,36.56,"2021-03-25",0
"816",1,-5.53,36.56,"2021-03-26",0
"817",1,-5.53,36.56,"2021-03-27",0
"818",1,-5.53,36.56,"2021-03-28",0
"819",1,-5.53,36.56,"2021-03-29",0
"820",1,-5.53,36.56,"2021-03-30",0
"821",1,-5.53,36.56,"2021-03-31",0
"822",1,-5.53,36.56,"2021-04-01",0
"823",1,-5.53,36.56,"2021-04-02",0
"824",1,-5.53,36.56,"2021-04-03",0
"825",1,-5.53,36.56,"2021-04-04",0
"826",1,-5.53,36.56,"2021-04-05",0
"827",1,-5.53,36.56,"2021-04-06",0
"828",1,-5.53,36.56,"2021-04-07",0
"829",1,-5.53,36.56,"2021-04-08",0
"830",1,-5.53,36.56,"2021-04-09",0
"831",1,-5.53,36.56,"2021-04-10",0
"832",1,-5.53,36.56,"2021-04-11",0
"833",1,-5.53,36.56,"2021-04-12",0
"834",1,-5.53,36.56,"2021-04-13",0
"835",1,-5.53,36.56,"2021-04-14",8.38
"836",1,-5.53,36.56,"2021-04-15",5.56
"837",1,-5.53,36.56,"2021-04-16",0
"838",1,-5.53,36.56,"2021-04-17",0
"839",1,-5.53,36.56,"2021-04-18",0
"840",1,-5.53,36.56,"2021-04-19",0
"841",1,-5.53,36.56,"2021-04-20",0
"842",1,-5.53,36.56,"2021-04-21",0
"843",1,-5.53,36.56,"2021-04-22",0
"844",1,-5.53,36.56,"2021-04-23",0
"845",1,-5.53,36.56,"2021-04-24",5.32
"846",1,-5.53,36.56,"2021-04-25",3.32
"847",1,-5.53,36.56,"2021-04-26",7.88
"848",1,-5.53,36.56,"2021-04-27",7.25
"849",1,-5.53,36.56,"2021-04-28",0
"850",1,-5.53,36.56,"2021-04-29",0
"851",1,-5.53,36.56,"2021-04-30",0
"852",1,-5.53,36.56,"2021-05-01",0
"853",1,-5.53,36.56,"2021-05-02",0
"854",1,-5.53,36.56,"2021-05-03",0
"855",1,-5.53,36.56,"2021-05-04",0
"856",1,-5.53,36.56,"2021-05-05",0
"857",1,-5.53,36.56,"2021-05-06",0
"858",1,-5.53,36.56,"2021-05-07",0
"859",1,-5.53,36.56,"2021-05-08",0
"860",1,-5.53,36.56,"2021-05-09",3.21
"861",1,-5.53,36.56,"2021-05-10",3.26
"862",1,-5.53,36.56,"2021-05-11",0
"863",1,-5.53,36.56,"2021-05-12",0
"864",1,-5.53,36.56,"2021-05-13",0
"865",1,-5.53,36.56,"2021-05-14",0
"866",1,-5.53,36.56,"2021-05-15",0
"867",1,-5.53,36.56,"2021-05-16",0
"868",1,-5.53,36.56,"2021-05-17",0
"869",1,-5.53,36.56,"2021-05-18",0
"870",1,-5.53,36.56,"2021-05-19",0
"871",1,-5.53,36.56,"2021-05-20",0
"872",1,-5.53,36.56,"2021-05-21",0
"873",1,-5.53,36.56,"2021-05-22",0
"874",1,-5.53,36.56,"2021-05-23",0
"875",1,-5.53,36.56,"2021-05-24",0
"876",1,-5.53,36.56,"2021-05-25",0
"877",1,-5.53,36.56,"2021-05-26",0
"878",1,-5.53,36.56,"2021-05-27",7.58
"879",1,-5.53,36.56,"2021-05-28",0
"880",1,-5.53,36.56,"2021-05-29",0
"881",1,-5.53,36.56,"2021-05-30",0
"882",1,-5.53,36.56,"2021-05-31",0
"883",1,-5.53,36.56,"2021-06-01",0
"884",1,-5.53,36.56,"2021-06-02",0
"885",1,-5.53,36.56,"2021-06-03",0
"886",1,-5.53,36.56,"2021-06-04",0
"887",1,-5.53,36.56,"2021-06-05",0
"888",1,-5.53,36.56,"2021-06-06",0
"889",1,-5.53,36.56,"2021-06-07",0
"890",1,-5.53,36.56,"2021-06-08",0
"891",1,-5.53,36.56,"2021-06-09",0
"892",1,-5.53,36.56,"2021-06-10",0
"893",1,-5.53,36.56,"2021-06-11",0
"894",1,-5.53,36.56,"2021-06-12",0
"895",1,-5.53,36.56,"2021-06-13",0
"896",1,-5.53,36.56,"2021-06-14",0
"897",1,-5.53,36.56,"2021-06-15",0
"898",1,-5.53,36.56,"2021-06-16",2.34
"899",1,-5.53,36.56,"2021-06-17",3.63
"900",1,-5.53,36.56,"2021-06-18",5.73
"901",1,-5.53,36.56,"2021-06-19",0
"902",1,-5.53,36.56,"2021-06-20",0
"903",1,-5.53,36.56,"2021-06-21",0
"904",1,-5.53,36.56,"2021-06-22",0
"905",1,-5.53,36.56,"2021-06-23",0
"906",1,-5.53,36.56,"2021-06-24",0
"907",1,-5.53,36.56,"2021-06-25",0
"908",1,-5.53,36.56,"2021-06-26",0
"909",1,-5.53,36.56,"2021-06-27",0
"910",1,-5.53,36.56,"2021-06-28",0
"911",1,-5.53,36.56,"2021-06-29",0
"912",1,-5.53,36.56,"2021-06-30",0
"913",1,-5.53,36.56,"2021-07-01",0
"914",1,-5.53,36.56,"2021-07-02",0
"915",1,-5.53,36.56,"2021-07-03",0
"916",1,-5.53,36.56,"2021-07-04",0
"917",1,-5.53,36.56,"2021-07-05",0
"918",1,-5.53,36.56,"2021-07-06",0
"919",1,-5.53,36.56,"2021-07-07",0
"920",1,-5.53,36.56,"2021-07-08",0
"921",1,-5.53,36.56,"2021-07-09",0
"922",1,-5.53,36.56,"2021-07-10",0
"923",1,-5.53,36.56,"2021-07-11",0
"924",1,-5.53,36.56,"2021-07-12",0
"925",1,-5.53,36.56,"2021-07-13",0
"926",1,-5.53,36.56,"2021-07-14",0
"927",1,-5.53,36.56,"2021-07-15",0
"928",1,-5.53,36.56,"2021-07-16",0
"929",1,-5.53,36.56,"2021-07-17",0
"930",1,-5.53,36.56,"2021-07-18",0
"931",1,-5.53,36.56,"2021-07-19",0
"932",1,-5.53,36.56,"2021-07-20",0
"933",1,-5.53,36.56,"2021-07-21",0
"934",1,-5.53,36.56,"2021-07-22",0
"935",1,-5.53,36.56,"2021-07-23",0
"936",1,-5.53,36.56,"2021-07-24",0
"937",1,-5.53,36.56,"2021-07-25",0
"938",1,-5.53,36.56,"2021-07-26",0
"939",1,-5.53,36.56,"2021-07-27",0
"940",1,-5.53,36.56,"2021-07-28",0
"941",1,-5.53,36.56,"2021-07-29",0
"942",1,-5.53,36.56,"2021-07-30",0
"943",1,-5.53,36.56,"2021-07-31",0
"944",1,-5.53,36.56,"2021-08-01",0
"945",1,-5.53,36.56,"2021-08-02",0
"946",1,-5.53,36.56,"2021-08-03",0
"947",1,-5.53,36.56,"2021-08-04",0
"948",1,-5.53,36.56,"2021-08-05",0
"949",1,-5.53,36.56,"2021-08-06",0
"950",1,-5.53,36.56,"2021-08-07",0
"951",1,-5.53,36.56,"2021-08-08",0
"952",1,-5.53,36.56,"2021-08-09",0
"953",1,-5.53,36.56,"2021-08-10",0
"954",1,-5.53,36.56,"2021-08-11",0
"955",1,-5.53,36.56,"2021-08-12",0
"956",1,-5.53,36.56,"2021-08-13",0
"957",1,-5.53,36.56,"2021-08-14",0
"958",1,-5.53,36.56,"2021-08-15",0
"959",1,-5.53,36.56,"2021-08-16",0
"960",1,-5.53,36.56,"2021-08-17",0
"961",1,-5.53,36.56,"2021-08-18",0
"962",1,-5.53,36.56,"2021-08-19",0
"963",1,-5.53,36.56,"2021-08-20",0
"964",1,-5.53,36.56,"2021-08-21",0
"965",1,-5.53,36.56,"2021-08-22",0
"966",1,-5.53,36.56,"2021-08-23",0
"967",1,-5.53,36.56,"2021-08-24",0
"968",1,-5.53,36.56,"2021-08-25",0
"969",1,-5.53,36.56,"2021-08-26",0
"970",1,-5.53,36.56,"2021-08-27",0
"971",1,-5.53,36.56,"2021-08-28",0
"972",1,-5.53,36.56,"2021-08-29",0
"973",1,-5.53,36.56,"2021-08-30",0
"974",1,-5.53,36.56,"2021-08-31",0
"975",1,-5.53,36.56,"2021-09-01",0
"976",1,-5.53,36.56,"2021-09-02",0
"977",1,-5.53,36.56,"2021-09-03",0
"978",1,-5.53,36.56,"2021-09-04",0
"979",1,-5.53,36.56,"2021-09-05",0
"980",1,-5.53,36.56,"2021-09-06",0
"981",1,-5.53,36.56,"2021-09-07",0
"982",1,-5.53,36.56,"2021-09-08",0
"983",1,-5.53,36.56,"2021-09-09",0
"984",1,-5.53,36.56,"2021-09-10",0
"985",1,-5.53,36.56,"2021-09-11",0
"986",1,-5.53,36.56,"2021-09-12",0
"987",1,-5.53,36.56,"2021-09-13",10.61
"988",1,-5.53,36.56,"2021-09-14",9.22
"989",1,-5.53,36.56,"2021-09-15",0
"990",1,-5.53,36.56,"2021-09-16",0
"991",1,-5.53,36.56,"2021-09-17",0
"992",1,-5.53,36.56,"2021-09-18",0
"993",1,-5.53,36.56,"2021-09-19",0
"994",1,-5.53,36.56,"2021-09-20",0
"995",1,-5.53,36.56,"2021-09-21",6.24
"996",1,-5.53,36.56,"2021-09-22",0
"997",1,-5.53,36.56,"2021-09-23",0
"998",1,-5.53,36.56,"2021-09-24",0
"999",1,-5.53,36.56,"2021-09-25",0
"1000",1,-5.53,36.56,"2021-09-26",0
"1001",1,-5.53,36.56,"2021-09-27",0
"1002",1,-5.53,36.56,"2021-09-28",0
"1003",1,-5.53,36.56,"2021-09-29",0
"1004",1,-5.53,36.56,"2021-09-30",0
"1005",1,-5.53,36.56,"2021-10-01",0
"1006",1,-5.53,36.56,"2021-10-02",0
"1007",1,-5.53,36.56,"2021-10-03",4.97
"1008",1,-5.53,36.56,"2021-10-04",0
"1009",1,-5.53,36.56,"2021-10-05",0
"1010",1,-5.53,36.56,"2021-10-06",0
"1011",1,-5.53,36.56,"2021-10-07",0
"1012",1,-5.53,36.56,"2021-10-08",0
"1013",1,-5.53,36.56,"2021-10-09",0
"1014",1,-5.53,36.56,"2021-10-10",0
"1015",1,-5.53,36.56,"2021-10-11",0
"1016",1,-5.53,36.56,"2021-10-12",0
"1017",1,-5.53,36.56,"2021-10-13",0
"1018",1,-5.53,36.56,"2021-10-14",0
"1019",1,-5.53,36.56,"2021-10-15",0
"1020",1,-5.53,36.56,"2021-10-16",0
"1021",1,-5.53,36.56,"2021-10-17",0
"1022",1,-5.53,36.56,"2021-10-18",0
"1023",1,-5.53,36.56,"2021-10-19",0
"1024",1,-5.53,36.56,"2021-10-20",0
"1025",1,-5.53,36.56,"2021-10-21",0
"1026",1,-5.53,36.56,"2021-10-22",0
"1027",1,-5.53,36.56,"2021-10-23",0
"1028",1,-5.53,36.56,"2021-10-24",0
"1029",1,-5.53,36.56,"2021-10-25",0
"1030",1,-5.53,36.56,"2021-10-26",0
"1031",1,-5.53,36.56,"2021-10-27",0
"1032",1,-5.53,36.56,"2021-10-28",0
"1033",1,-5.53,36.56,"2021-10-29",1.38
"1034",1,-5.53,36.56,"2021-10-30",4.96
"1035",1,-5.53,36.56,"2021-10-31",1.17
"1036",1,-5.53,36.56,"2021-11-01",7.73
"1037",1,-5.53,36.56,"2021-11-02",0
"1038",1,-5.53,36.56,"2021-11-03",0
"1039",1,-5.53,36.56,"2021-11-04",0
"1040",1,-5.53,36.56,"2021-11-05",0
"1041",1,-5.53,36.56,"2021-11-06",0
"1042",1,-5.53,36.56,"2021-11-07",0
"1043",1,-5.53,36.56,"2021-11-08",0
"1044",1,-5.53,36.56,"2021-11-09",0
"1045",1,-5.53,36.56,"2021-11-10",0
"1046",1,-5.53,36.56,"2021-11-11",0
"1047",1,-5.53,36.56,"2021-11-12",0
"1048",1,-5.53,36.56,"2021-11-13",0
"1049",1,-5.53,36.56,"2021-11-14",0
"1050",1,-5.53,36.56,"2021-11-15",0
"1051",1,-5.53,36.56,"2021-11-16",0
"1052",1,-5.53,36.56,"2021-11-17",0
"1053",1,-5.53,36.56,"2021-11-18",0
"1054",1,-5.53,36.56,"2021-11-19",0
"1055",1,-5.53,36.56,"2021-11-20",12.55
"1056",1,-5.53,36.56,"2021-11-21",3.17
"1057",1,-5.53,36.56,"2021-11-22",0
"1058",1,-5.53,36.56,"2021-11-23",3.56
"1059",1,-5.53,36.56,"2021-11-24",0
"1060",1,-5.53,36.56,"2021-11-25",5.45
"1061",1,-5.53,36.56,"2021-11-26",0
"1062",1,-5.53,36.56,"2021-11-27",0
"1063",1,-5.53,36.56,"2021-11-28",0
"1064",1,-5.53,36.56,"2021-11-29",0
"1065",1,-5.53,36.56,"2021-11-30",0
"1066",1,-5.53,36.56,"2021-12-01",2.72
"1067",1,-5.53,36.56,"2021-12-02",0
"1068",1,-5.53,36.56,"2021-12-03",0
"1069",1,-5.53,36.56,"2021-12-04",0
"1070",1,-5.53,36.56,"2021-12-05",0
"1071",1,-5.53,36.56,"2021-12-06",0
"1072",1,-5.53,36.56,"2021-12-07",2.95
"1073",1,-5.53,36.56,"2021-12-08",0.4
"1074",1,-5.53,36.56,"2021-12-09",0
"1075",1,-5.53,36.56,"2021-12-10",0
"1076",1,-5.53,36.56,"2021-12-11",0
"1077",1,-5.53,36.56,"2021-12-12",0
"1078",1,-5.53,36.56,"2021-12-13",0
"1079",1,-5.53,36.56,"2021-12-14",0
"1080",1,-5.53,36.56,"2021-12-15",0
"1081",1,-5.53,36.56,"2021-12-16",0
"1082",1,-5.53,36.56,"2021-12-17",0
"1083",1,-5.53,36.56,"2021-12-18",0
"1084",1,-5.53,36.56,"2021-12-19",0
"1085",1,-5.53,36.56,"2021-12-20",0
"1086",1,-5.53,36.56,"2021-12-21",11.19
"1087",1,-5.53,36.56,"2021-12-22",3.86
"1088",1,-5.53,36.56,"2021-12-23",25.06
"1089",1,-5.53,36.56,"2021-12-24",23.16
"1090",1,-5.53,36.56,"2021-12-25",4.27
"1091",1,-5.53,36.56,"2021-12-26",1.51
"1092",1,-5.53,36.56,"2021-12-27",0
"1093",1,-5.53,36.56,"2021-12-28",0
"1094",1,-5.53,36.56,"2021-12-29",0
"1095",1,-5.53,36.56,"2021-12-30",0
"1096",1,-5.53,36.56,"2021-12-31",0
"1097",1,-5.53,36.56,"2022-01-01",0
"1098",1,-5.53,36.56,"2022-01-02",0
"1099",1,-5.53,36.56,"2022-01-03",0
"1100",1,-5.53,36.56,"2022-01-04",0
"1101",1,-5.53,36.56,"2022-01-05",3.38
"1102",1,-5.53,36.56,"2022-01-06",0
"1103",1,-5.53,36.56,"2022-01-07",0
"1104",1,-5.53,36.56,"2022-01-08",0
"1105",1,-5.53,36.56,"2022-01-09",0
"1106",1,-5.53,36.56,"2022-01-10",0
"1107",1,-5.53,36.56,"2022-01-11",0
"1108",1,-5.53,36.56,"2022-01-12",0
"1109",1,-5.53,36.56,"2022-01-13",0
"1110",1,-5.53,36.56,"2022-01-14",0
"1111",1,-5.53,36.56,"2022-01-15",0
"1112",1,-5.53,36.56,"2022-01-16",0
"1113",1,-5.53,36.56,"2022-01-17",0
"1114",1,-5.53,36.56,"2022-01-18",0
"1115",1,-5.53,36.56,"2022-01-19",0
"1116",1,-5.53,36.56,"2022-01-20",0
"1117",1,-5.53,36.56,"2022-01-21",0
"1118",1,-5.53,36.56,"2022-01-22",0
"1119",1,-5.53,36.56,"2022-01-23",0
"1120",1,-5.53,36.56,"2022-01-24",2.88
"1121",1,-5.53,36.56,"2022-01-25",0
"1122",1,-5.53,36.56,"2022-01-26",0
"1123",1,-5.53,36.56,"2022-01-27",0
"1124",1,-5.53,36.56,"2022-01-28",0
"1125",1,-5.53,36.56,"2022-01-29",0
"1126",1,-5.53,36.56,"2022-01-30",0
"1127",1,-5.53,36.56,"2022-01-31",0
"1128",1,-5.53,36.56,"2022-02-01",0
"1129",1,-5.53,36.56,"2022-02-02",0
"1130",1,-5.53,36.56,"2022-02-03",0
"1131",1,-5.53,36.56,"2022-02-04",0
"1132",1,-5.53,36.56,"2022-02-05",0
"1133",1,-5.53,36.56,"2022-02-06",0
"1134",1,-5.53,36.56,"2022-02-07",0
"1135",1,-5.53,36.56,"2022-02-08",0
"1136",1,-5.53,36.56,"2022-02-09",0
"1137",1,-5.53,36.56,"2022-02-10",0
"1138",1,-5.53,36.56,"2022-02-11",0
"1139",1,-5.53,36.56,"2022-02-12",0
"1140",1,-5.53,36.56,"2022-02-13",2.64
"1141",1,-5.53,36.56,"2022-02-14",0
"1142",1,-5.53,36.56,"2022-02-15",0
"1143",1,-5.53,36.56,"2022-02-16",0
"1144",1,-5.53,36.56,"2022-02-17",0
"1145",1,-5.53,36.56,"2022-02-18",0
"1146",1,-5.53,36.56,"2022-02-19",0
"1147",1,-5.53,36.56,"2022-02-20",0
"1148",1,-5.53,36.56,"2022-02-21",0
"1149",1,-5.53,36.56,"2022-02-22",0
"1150",1,-5.53,36.56,"2022-02-23",0
"1151",1,-5.53,36.56,"2022-02-24",0.4
"1152",1,-5.53,36.56,"2022-02-25",3.41
"1153",1,-5.53,36.56,"2022-02-26",0.82
"1154",1,-5.53,36.56,"2022-02-27",0
"1155",1,-5.53,36.56,"2022-02-28",0
"1156",1,-5.53,36.56,"2022-03-01",0
"1157",1,-5.53,36.56,"2022-03-02",0
"1158",1,-5.53,36.56,"2022-03-03",4.91
"1159",1,-5.53,36.56,"2022-03-04",0
"1160",1,-5.53,36.56,"2022-03-05",0
"1161",1,-5.53,36.56,"2022-03-06",0
"1162",1,-5.53,36.56,"2022-03-07",0
"1163",1,-5.53,36.56,"2022-03-08",2.68
"1164",1,-5.53,36.56,"2022-03-09",0
"1165",1,-5.53,36.56,"2022-03-10",0
"1166",1,-5.53,36.56,"2022-03-11",12.7
"1167",1,-5.53,36.56,"2022-03-12",10.73
"1168",1,-5.53,36.56,"2022-03-13",24.38
"1169",1,-5.53,36.56,"2022-03-14",10
"1170",1,-5.53,36.56,"2022-03-15",17.61
"1171",1,-5.53,36.56,"2022-03-16",3.19
"1172",1,-5.53,36.56,"2022-03-17",0
"1173",1,-5.53,36.56,"2022-03-18",0
"1174",1,-5.53,36.56,"2022-03-19",0
"1175",1,-5.53,36.56,"2022-03-20",10.48
"1176",1,-5.53,36.56,"2022-03-21",8.49
"1177",1,-5.53,36.56,"2022-03-22",5.21
"1178",1,-5.53,36.56,"2022-03-23",49.1
"1179",1,-5.53,36.56,"2022-03-24",31.33
"1180",1,-5.53,36.56,"2022-03-25",0
"1181",1,-5.53,36.56,"2022-03-26",0
"1182",1,-5.53,36.56,"2022-03-27",0
"1183",1,-5.53,36.56,"2022-03-28",0.83
"1184",1,-5.53,36.56,"2022-03-29",6.45
"1185",1,-5.53,36.56,"2022-03-30",0
"1186",1,-5.53,36.56,"2022-03-31",1.79
"1187",1,-5.53,36.56,"2022-04-01",0
"1188",1,-5.53,36.56,"2022-04-02",0
"1189",1,-5.53,36.56,"2022-04-03",0
"1190",1,-5.53,36.56,"2022-04-04",16.27
"1191",1,-5.53,36.56,"2022-04-05",11.76
"1192",1,-5.53,36.56,"2022-04-06",0
"1193",1,-5.53,36.56,"2022-04-07",0
"1194",1,-5.53,36.56,"2022-04-08",0
"1195",1,-5.53,36.56,"2022-04-09",0
"1196",1,-5.53,36.56,"2022-04-10",0
"1197",1,-5.53,36.56,"2022-04-11",4.16
"1198",1,-5.53,36.56,"2022-04-12",11.77
"1199",1,-5.53,36.56,"2022-04-13",0
"1200",1,-5.53,36.56,"2022-04-14",0
"1201",1,-5.53,36.56,"2022-04-15",0
"1202",1,-5.53,36.56,"2022-04-16",0
"1203",1,-5.53,36.56,"2022-04-17",0
"1204",1,-5.53,36.56,"2022-04-18",0
"1205",1,-5.53,36.56,"2022-04-19",0
"1206",1,-5.53,36.56,"2022-04-20",0
"1207",1,-5.53,36.56,"2022-04-21",1.39
"1208",1,-5.53,36.56,"2022-04-22",17.6
"1209",1,-5.53,36.56,"2022-04-23",4.4
"1210",1,-5.53,36.56,"2022-04-24",0
"1211",1,-5.53,36.56,"2022-04-25",0
"1212",1,-5.53,36.56,"2022-04-26",0
"1213",1,-5.53,36.56,"2022-04-27",0
"1214",1,-5.53,36.56,"2022-04-28",4.18
"1215",1,-5.53,36.56,"2022-04-29",0
"1216",1,-5.53,36.56,"2022-04-30",0
"1217",1,-5.53,36.56,"2022-05-01",0
"1218",1,-5.53,36.56,"2022-05-02",1.37
"1219",1,-5.53,36.56,"2022-05-03",3.46
"1220",1,-5.53,36.56,"2022-05-04",3.66
"1221",1,-5.53,36.56,"2022-05-05",0
"1222",1,-5.53,36.56,"2022-05-06",0
"1223",1,-5.53,36.56,"2022-05-07",0
"1224",1,-5.53,36.56,"2022-05-08",0
"1225",1,-5.53,36.56,"2022-05-09",0
"1226",1,-5.53,36.56,"2022-05-10",0
"1227",1,-5.53,36.56,"2022-05-11",0
"1228",1,-5.53,36.56,"2022-05-12",0
"1229",1,-5.53,36.56,"2022-05-13",0
"1230",1,-5.53,36.56,"2022-05-14",0
"1231",1,-5.53,36.56,"2022-05-15",0
"1232",1,-5.53,36.56,"2022-05-16",0
"1233",1,-5.53,36.56,"2022-05-17",0
"1234",1,-5.53,36.56,"2022-05-18",0
"1235",1,-5.53,36.56,"2022-05-19",0
"1236",1,-5.53,36.56,"2022-05-20",0
"1237",1,-5.53,36.56,"2022-05-21",0
"1238",1,-5.53,36.56,"2022-05-22",0
"1239",1,-5.53,36.56,"2022-05-23",0
"1240",1,-5.53,36.56,"2022-05-24",0
"1241",1,-5.53,36.56,"2022-05-25",0
"1242",1,-5.53,36.56,"2022-05-26",0
"1243",1,-5.53,36.56,"2022-05-27",0
"1244",1,-5.53,36.56,"2022-05-28",0
"1245",1,-5.53,36.56,"2022-05-29",0
"1246",1,-5.53,36.56,"2022-05-30",0
"1247",1,-5.53,36.56,"2022-05-31",0
"1248",1,-5.53,36.56,"2022-06-01",0
"1249",1,-5.53,36.56,"2022-06-02",0
"1250",1,-5.53,36.56,"2022-06-03",0
"1251",1,-5.53,36.56,"2022-06-04",0
"1252",1,-5.53,36.56,"2022-06-05",0
"1253",1,-5.53,36.56,"2022-06-06",0
"1254",1,-5.53,36.56,"2022-06-07",0
"1255",1,-5.53,36.56,"2022-06-08",0
"1256",1,-5.53,36.56,"2022-06-09",0
"1257",1,-5.53,36.56,"2022-06-10",0
"1258",1,-5.53,36.56,"2022-06-11",0
"1259",1,-5.53,36.56,"2022-06-12",0
"1260",1,-5.53,36.56,"2022-06-13",0
"1261",1,-5.53,36.56,"2022-06-14",0
"1262",1,-5.53,36.56,"2022-06-15",0
"1263",1,-5.53,36.56,"2022-06-16",0
"1264",1,-5.53,36.56,"2022-06-17",0
"1265",1,-5.53,36.56,"2022-06-18",0
"1266",1,-5.53,36.56,"2022-06-19",0
"1267",1,-5.53,36.56,"2022-06-20",0
"1268",1,-5.53,36.56,"2022-06-21",0
"1269",1,-5.53,36.56,"2022-06-22",0
"1270",1,-5.53,36.56,"2022-06-23",0
"1271",1,-5.53,36.56,"2022-06-24",0
"1272",1,-5.53,36.56,"2022-06-25",0
"1273",1,-5.53,36.56,"2022-06-26",0
"1274",1,-5.53,36.56,"2022-06-27",0
"1275",1,-5.53,36.56,"2022-06-28",0
"1276",1,-5.53,36.56,"2022-06-29",0
"1277",1,-5.53,36.56,"2022-06-30",0
"1278",1,-5.53,36.56,"2022-07-01",0
"1279",1,-5.53,36.56,"2022-07-02",0
"1280",1,-5.53,36.56,"2022-07-03",0
"1281",1,-5.53,36.56,"2022-07-04",0
"1282",1,-5.53,36.56,"2022-07-05",0
"1283",1,-5.53,36.56,"2022-07-06",0
"1284",1,-5.53,36.56,"2022-07-07",0
"1285",1,-5.53,36.56,"2022-07-08",0
"1286",1,-5.53,36.56,"2022-07-09",0
"1287",1,-5.53,36.56,"2022-07-10",0
"1288",1,-5.53,36.56,"2022-07-11",0
"1289",1,-5.53,36.56,"2022-07-12",0
"1290",1,-5.53,36.56,"2022-07-13",0
"1291",1,-5.53,36.56,"2022-07-14",0
"1292",1,-5.53,36.56,"2022-07-15",0
"1293",1,-5.53,36.56,"2022-07-16",0
"1294",1,-5.53,36.56,"2022-07-17",0
"1295",1,-5.53,36.56,"2022-07-18",0
"1296",1,-5.53,36.56,"2022-07-19",0
"1297",1,-5.53,36.56,"2022-07-20",0
"1298",1,-5.53,36.56,"2022-07-21",0
"1299",1,-5.53,36.56,"2022-07-22",0
"1300",1,-5.53,36.56,"2022-07-23",0
"1301",1,-5.53,36.56,"2022-07-24",0
"1302",1,-5.53,36.56,"2022-07-25",0
"1303",1,-5.53,36.56,"2022-07-26",0
"1304",1,-5.53,36.56,"2022-07-27",0
"1305",1,-5.53,36.56,"2022-07-28",0
"1306",1,-5.53,36.56,"2022-07-29",0
"1307",1,-5.53,36.56,"2022-07-30",0
"1308",1,-5.53,36.56,"2022-07-31",0
"1309",1,-5.53,36.56,"2022-08-01",0
"1310",1,-5.53,36.56,"2022-08-02",0
"1311",1,-5.53,36.56,"2022-08-03",0
"1312",1,-5.53,36.56,"2022-08-04",0
"1313",1,-5.53,36.56,"2022-08-05",0
"1314",1,-5.53,36.56,"2022-08-06",0
"1315",1,-5.53,36.56,"2022-08-07",0
"1316",1,-5.53,36.56,"2022-08-08",0
"1317",1,-5.53,36.56,"2022-08-09",0
"1318",1,-5.53,36.56,"2022-08-10",0
"1319",1,-5.53,36.56,"2022-08-11",0
"1320",1,-5.53,36.56,"2022-08-12",0
"1321",1,-5.53,36.56,"2022-08-13",0
"1322",1,-5.53,36.56,"2022-08-14",0
"1323",1,-5.53,36.56,"2022-08-15",0
"1324",1,-5.53,36.56,"2022-08-16",0
"1325",1,-5.53,36.56,"2022-08-17",0
"1326",1,-5.53,36.56,"2022-08-18",0
"1327",1,-5.53,36.56,"2022-08-19",0
"1328",1,-5.53,36.56,"2022-08-20",0
"1329",1,-5.53,36.56,"2022-08-21",0
"1330",1,-5.53,36.56,"2022-08-22",0
"1331",1,-5.53,36.56,"2022-08-23",0
"1332",1,-5.53,36.56,"2022-08-24",0
"1333",1,-5.53,36.56,"2022-08-25",0
"1334",1,-5.53,36.56,"2022-08-26",0
"1335",1,-5.53,36.56,"2022-08-27",0
"1336",1,-5.53,36.56,"2022-08-28",0
"1337",1,-5.53,36.56,"2022-08-29",0
"1338",1,-5.53,36.56,"2022-08-30",0
"1339",1,-5.53,36.56,"2022-08-31",0
"1340",1,-5.53,36.56,"2022-09-01",0
"1341",1,-5.53,36.56,"2022-09-02",0
"1342",1,-5.53,36.56,"2022-09-03",0
"1343",1,-5.53,36.56,"2022-09-04",0
"1344",1,-5.53,36.56,"2022-09-05",0
"1345",1,-5.53,36.56,"2022-09-06",0
"1346",1,-5.53,36.56,"2022-09-07",0
"1347",1,-5.53,36.56,"2022-09-08",0
"1348",1,-5.53,36.56,"2022-09-09",0
"1349",1,-5.53,36.56,"2022-09-10",0
"1350",1,-5.53,36.56,"2022-09-11",0
"1351",1,-5.53,36.56,"2022-09-12",4.78
"1352",1,-5.53,36.56,"2022-09-13",1.08
"1353",1,-5.53,36.56,"2022-09-14",5.78
"1354",1,-5.53,36.56,"2022-09-15",0
"1355",1,-5.53,36.56,"2022-09-16",0
"1356",1,-5.53,36.56,"2022-09-17",0
"1357",1,-5.53,36.56,"2022-09-18",0
"1358",1,-5.53,36.56,"2022-09-19",0
"1359",1,-5.53,36.56,"2022-09-20",0
"1360",1,-5.53,36.56,"2022-09-21",0
"1361",1,-5.53,36.56,"2022-09-22",0
"1362",1,-5.53,36.56,"2022-09-23",0
"1363",1,-5.53,36.56,"2022-09-24",0
"1364",1,-5.53,36.56,"2022-09-25",0
"1365",1,-5.53,36.56,"2022-09-26",0
"1366",1,-5.53,36.56,"2022-09-27",0
"1367",1,-5.53,36.56,"2022-09-28",0
"1368",1,-5.53,36.56,"2022-09-29",5.08
"1369",1,-5.53,36.56,"2022-09-30",0
"1370",1,-5.53,36.56,"2022-10-01",0
"1371",1,-5.53,36.56,"2022-10-02",0
"1372",1,-5.53,36.56,"2022-10-03",0
"1373",1,-5.53,36.56,"2022-10-04",0
"1374",1,-5.53,36.56,"2022-10-05",0
"1375",1,-5.53,36.56,"2022-10-06",0
"1376",1,-5.53,36.56,"2022-10-07",0
"1377",1,-5.53,36.56,"2022-10-08",0
"1378",1,-5.53,36.56,"2022-10-09",0
"1379",1,-5.53,36.56,"2022-10-10",0
"1380",1,-5.53,36.56,"2022-10-11",0
"1381",1,-5.53,36.56,"2022-10-12",0
"1382",1,-5.53,36.56,"2022-10-13",0
"1383",1,-5.53,36.56,"2022-10-14",0
"1384",1,-5.53,36.56,"2022-10-15",0
"1385",1,-5.53,36.56,"2022-10-16",0
"1386",1,-5.53,36.56,"2022-10-17",0
"1387",1,-5.53,36.56,"2022-10-18",0
"1388",1,-5.53,36.56,"2022-10-19",0
"1389",1,-5.53,36.56,"2022-10-20",7.69
"1390",1,-5.53,36.56,"2022-10-21",5.47
"1391",1,-5.53,36.56,"2022-10-22",0
"1392",1,-5.53,36.56,"2022-10-23",0
"1393",1,-5.53,36.56,"2022-10-24",0
"1394",1,-5.53,36.56,"2022-10-25",0
"1395",1,-5.53,36.56,"2022-10-26",0
"1396",1,-5.53,36.56,"2022-10-27",0
"1397",1,-5.53,36.56,"2022-10-28",0
"1398",1,-5.53,36.56,"2022-10-29",0
"1399",1,-5.53,36.56,"2022-10-30",0
"1400",1,-5.53,36.56,"2022-10-31",0
"1401",1,-5.53,36.56,"2022-11-01",0
"1402",1,-5.53,36.56,"2022-11-02",0
"1403",1,-5.53,36.56,"2022-11-03",0
"1404",1,-5.53,36.56,"2022-11-04",0
"1405",1,-5.53,36.56,"2022-11-05",0
"1406",1,-5.53,36.56,"2022-11-06",0
"1407",1,-5.53,36.56,"2022-11-07",0
"1408",1,-5.53,36.56,"2022-11-08",0
"1409",1,-5.53,36.56,"2022-11-09",8.09
"1410",1,-5.53,36.56,"2022-11-10",0
"1411",1,-5.53,36.56,"2022-11-11",0
"1412",1,-5.53,36.56,"2022-11-12",0
"1413",1,-5.53,36.56,"2022-11-13",0
"1414",1,-5.53,36.56,"2022-11-14",0
"1415",1,-5.53,36.56,"2022-11-15",13.39
"1416",1,-5.53,36.56,"2022-11-16",6.62
"1417",1,-5.53,36.56,"2022-11-17",10.59
"1418",1,-5.53,36.56,"2022-11-18",8.95
"1419",1,-5.53,36.56,"2022-11-19",0
"1420",1,-5.53,36.56,"2022-11-20",0
"1421",1,-5.53,36.56,"2022-11-21",5.38
"1422",1,-5.53,36.56,"2022-11-22",0
"1423",1,-5.53,36.56,"2022-11-23",0
"1424",1,-5.53,36.56,"2022-11-24",0
"1425",1,-5.53,36.56,"2022-11-25",0
"1426",1,-5.53,36.56,"2022-11-26",0
"1427",1,-5.53,36.56,"2022-11-27",0
"1428",1,-5.53,36.56,"2022-11-28",0
"1429",1,-5.53,36.56,"2022-11-29",0
"1430",1,-5.53,36.56,"2022-11-30",6.87
"1431",1,-5.53,36.56,"2022-12-01",0
"1432",1,-5.53,36.56,"2022-12-02",0
"1433",1,-5.53,36.56,"2022-12-03",7.12
"1434",1,-5.53,36.56,"2022-12-04",10.69
"1435",1,-5.53,36.56,"2022-12-05",25.01
"1436",1,-5.53,36.56,"2022-12-06",0
"1437",1,-5.53,36.56,"2022-12-07",7.28
"1438",1,-5.53,36.56,"2022-12-08",20.45
"1439",1,-5.53,36.56,"2022-12-09",19.3
"1440",1,-5.53,36.56,"2022-12-10",11.75
"1441",1,-5.53,36.56,"2022-12-11",4.49
"1442",1,-5.53,36.56,"2022-12-12",2.76
"1443",1,-5.53,36.56,"2022-12-13",16.17
"1444",1,-5.53,36.56,"2022-12-14",23.55
"1445",1,-5.53,36.56,"2022-12-15",11.6
"1446",1,-5.53,36.56,"2022-12-16",7.17
"1447",1,-5.53,36.56,"2022-12-17",0
"1448",1,-5.53,36.56,"2022-12-18",0
"1449",1,-5.53,36.56,"2022-12-19",0
"1450",1,-5.53,36.56,"2022-12-20",4.65
"1451",1,-5.53,36.56,"2022-12-21",0
"1452",1,-5.53,36.56,"2022-12-22",0
"1453",1,-5.53,36.56,"2022-12-23",0
"1454",1,-5.53,36.56,"2022-12-24",0
"1455",1,-5.53,36.56,"2022-12-25",0
"1456",1,-5.53,36.56,"2022-12-26",0
"1457",1,-5.53,36.56,"2022-12-27",0
"1458",1,-5.53,36.56,"2022-12-28",0
"1459",1,-5.53,36.56,"2022-12-29",0
"1460",1,-5.53,36.56,"2022-12-30",0
"1461",1,-5.53,36.56,"2022-12-31",0
